name,gender,race,length,fl_is_v,ll_is_v,first_2,last_2,first_3,last_3
tashanika,1,0,9,0,1,ta,ka,tas,ika
denetra,1,0,7,0,1,de,ra,den,tra
tomesha,1,0,7,0,1,to,ha,tom,sha
trellany,1,0,8,0,0,tr,ny,tre,any
cynthia,1,0,7,0,1,cy,ia,cyn,hia
crystal,1,0,7,0,0,cr,al,cry,tal
beverly,1,0,7,0,0,be,ly,bev,rly
robin,1,0,5,0,0,ro,in,rob,bin
sophia,1,0,6,0,1,so,ia,sop,hia
marquita,1,0,8,0,1,ma,ta,mar,ita
sylvia,1,0,6,0,1,sy,ia,syl,via
dorothy,1,0,7,0,0,do,hy,dor,thy
zakiyyah,1,0,8,0,0,za,ah,zak,yah
allissia,1,0,8,1,1,al,ia,all,sia
mahogany,1,0,8,0,0,ma,ny,mah,any
melonise,1,0,8,0,1,me,se,mel,ise
monique,1,0,7,0,1,mo,ue,mon,que
sherline,1,0,8,0,1,sh,ne,she,ine
veronica,1,0,8,0,1,ve,ca,ver,ica
brenda,1,0,6,0,1,br,da,bre,nda
delta,1,0,5,0,1,de,ta,del,lta
genesha,1,0,7,0,1,ge,ha,gen,sha
margaret,1,0,8,0,0,ma,et,mar,ret
stephanie,1,0,9,0,1,st,ie,ste,nie
pachadgin,1,0,9,0,0,pa,in,pac,gin
shai,1,0,4,0,1,sh,ai,sha,hai
latonia,1,0,7,0,1,la,ia,lat,nia
ashley,1,0,6,1,0,as,ey,ash,ley
brian,1,0,5,0,0,br,an,bri,ian
carlas,1,0,6,0,0,ca,as,car,las
don,1,0,3,0,0,do,on,don,don
ethel,1,0,5,1,0,et,el,eth,hel
juanetta,1,0,8,0,1,ju,ta,jua,tta
leslie,1,0,6,0,1,le,ie,les,lie
paula,1,0,5,0,1,pa,la,pau,ula
radja,1,0,5,0,1,ra,ja,rad,dja
tonya,1,0,5,0,1,to,ya,ton,nya
jessica,1,0,7,0,1,je,ca,jes,ica
udreka,1,0,6,1,1,ud,ka,udr,eka
rosenia,1,0,7,0,1,ro,ia,ros,nia
shirley,1,0,7,0,0,sh,ey,shi,ley
shelda,1,0,6,0,1,sh,da,she,lda
jasmimn,1,0,7,0,0,ja,mn,jas,imn
april,1,0,5,1,0,ap,il,apr,ril
cheryl,1,0,6,0,0,ch,yl,che,ryl
tiffany,1,0,7,0,0,ti,ny,tif,any
ladieal,1,0,7,0,0,la,al,lad,eal
ladonne,1,0,7,0,1,la,ne,lad,nne
annette,1,0,7,1,1,an,te,ann,tte
helen,1,0,5,0,0,he,en,hel,len
eniee,1,0,5,1,1,en,ee,eni,iee
eugenia,1,0,7,1,1,eu,ia,eug,nia
linda,1,0,5,0,1,li,da,lin,nda
sierra,1,0,6,0,1,si,ra,sie,rra
star,1,0,4,0,0,st,ar,sta,tar
berdette,1,0,8,0,1,be,te,ber,tte
jameelah,1,0,8,0,0,ja,ah,jam,lah
krystle,1,0,7,0,1,kr,le,kry,tle
sharon,1,0,6,0,0,sh,on,sha,ron
derica,1,0,6,0,1,de,ca,der,ica
annie,1,0,5,1,1,an,ie,ann,nie
billie,1,0,6,0,1,bi,ie,bil,lie
kizzie,1,0,6,0,1,ki,ie,kiz,zie
lacresha,1,0,8,0,1,la,ha,lac,sha
meeka,1,0,5,0,1,me,ka,mee,eka
raquel,1,0,6,0,0,ra,el,raq,uel
shanearia,1,0,9,0,1,sh,ia,sha,ria
lakisha,1,0,7,0,1,la,ha,lak,sha
tammy,1,0,5,0,0,ta,my,tam,mmy
jamyira,1,0,7,0,1,ja,ra,jam,ira
jeanette,1,0,8,0,1,je,te,jea,tte
melissa,1,0,7,0,1,me,sa,mel,ssa
sherry,1,0,6,0,0,sh,ry,she,rry
minouche,1,0,8,0,1,mi,he,min,che
tamisha,1,0,7,0,1,ta,ha,tam,sha
courtney,1,0,8,0,0,co,ey,cou,ney
shakeria,1,0,8,0,1,sh,ia,sha,ria
nan,1,0,3,0,0,na,an,nan,nan
angela,1,0,6,1,1,an,la,ang,ela
joan,1,0,4,0,0,jo,an,joa,oan
emerald,1,0,7,1,0,em,ld,eme,ald
shalonda,1,0,8,0,1,sh,da,sha,nda
lorraine,1,0,8,0,1,lo,ne,lor,ine
lolita,1,0,6,0,1,lo,ta,lol,ita
bertha,1,0,6,0,1,be,ha,ber,tha
erica,1,0,5,1,1,er,ca,eri,ica
madiyah,1,0,7,0,0,ma,ah,mad,yah
denise,1,0,6,0,1,de,se,den,ise
lucrecha,1,0,8,0,1,lu,ha,luc,cha
kimberly,1,0,8,0,0,ki,ly,kim,rly
teresa,1,0,6,0,1,te,sa,ter,esa
latoya,1,0,6,0,1,la,ya,lat,oya
sheveal,1,0,7,0,0,sh,al,she,eal
henrietta,1,0,9,0,1,he,ta,hen,tta
davi,1,0,4,0,1,da,vi,dav,avi
ferin,1,0,5,0,0,fe,in,fer,rin
gwendolyn,1,0,9,0,0,gw,yn,gwe,lyn
kavarus,1,0,7,0,0,ka,us,kav,rus
zikerria,1,0,8,0,1,zi,ia,zik,ria
charlene,1,0,8,0,1,ch,ne,cha,ene
cass,1,0,4,0,0,ca,ss,cas,ass
lillian,1,0,7,0,0,li,an,lil,ian
lisa,1,0,4,0,1,li,sa,lis,isa
patricia,1,0,8,0,1,pa,ia,pat,cia
laquisha,1,0,8,0,1,la,ha,laq,sha
saraonda,1,0,8,0,1,sa,da,sar,nda
emma,1,0,4,1,1,em,ma,emm,mma
deedra,1,0,6,0,1,de,ra,dee,dra
ericka,1,0,6,1,1,er,ka,eri,cka
tamakia,1,0,7,0,1,ta,ia,tam,kia
vanessa,1,0,7,0,1,va,sa,van,ssa
valerie,1,0,7,0,1,va,ie,val,rie
rosemary,1,0,8,0,0,ro,ry,ros,ary
latoysha,1,0,8,0,1,la,ha,lat,sha
tracey,1,0,6,0,0,tr,ey,tra,cey
jacquita,1,0,8,0,1,ja,ta,jac,ita
shatoyia,1,0,8,0,1,sh,ia,sha,yia
felicia,1,0,7,0,1,fe,ia,fel,cia
lucille,1,0,7,0,1,lu,le,luc,lle
mekayla,1,0,7,0,1,me,la,mek,yla
tijua,1,0,5,0,1,ti,ua,tij,jua
markita,1,0,7,0,1,ma,ta,mar,ita
teneya,1,0,6,0,1,te,ya,ten,eya
nicole,1,0,6,0,1,ni,le,nic,ole
shamekia,1,0,8,0,1,sh,ia,sha,kia
cordera,1,0,7,0,1,co,ra,cor,era
yal,1,0,3,0,0,ya,al,yal,yal
sharicka,1,0,8,0,1,sh,ka,sha,cka
richelle,1,0,8,0,1,ri,le,ric,lle
dejua,1,0,5,0,1,de,ua,dej,jua
pamela,1,0,6,0,1,pa,la,pam,ela
nikeyshia,1,0,9,0,1,ni,ia,nik,hia
zakia,1,0,5,0,1,za,ia,zak,kia
hope,1,0,4,0,1,ho,pe,hop,ope
shantel,1,0,7,0,0,sh,el,sha,tel
judith,1,0,6,0,0,ju,th,jud,ith
catrice,1,0,7,0,1,ca,ce,cat,ice
sufern,1,0,6,0,0,su,rn,suf,ern
fisthnise,1,0,9,0,1,fi,se,fis,ise
tasha,1,0,5,0,1,ta,ha,tas,sha
chriss,1,0,6,0,0,ch,ss,chr,iss
dominique,1,0,9,0,1,do,ue,dom,que
amethyst,1,0,8,1,0,am,st,ame,yst
chernece,1,0,8,0,1,ch,ce,che,ece
denice,1,0,6,0,1,de,ce,den,ice
gloria,1,0,6,0,1,gl,ia,glo,ria
valgean,1,0,7,0,0,va,an,val,ean
mamie,1,0,5,0,1,ma,ie,mam,mie
debora,1,0,6,0,1,de,ra,deb,ora
shakera,1,0,7,0,1,sh,ra,sha,era
tabitha,1,0,7,0,1,ta,ha,tab,tha
takeya,1,0,6,0,1,ta,ya,tak,eya
chonv,1,0,5,0,0,ch,nv,cho,onv
latasha,1,0,7,0,1,la,ha,lat,sha
aysia,1,0,5,1,1,ay,ia,ays,sia
alexis,1,0,6,1,0,al,is,ale,xis
alfreda,1,0,7,1,1,al,da,alf,eda
aya,1,0,3,1,1,ay,ya,aya,aya
britanica,1,0,9,0,1,br,ca,bri,ica
camille,1,0,7,0,1,ca,le,cam,lle
charmaine,1,0,9,0,1,ch,ne,cha,ine
charrdoye,1,0,9,0,1,ch,ye,cha,oye
damia,1,0,5,0,1,da,ia,dam,mia
frances,1,0,7,0,0,fr,es,fra,ces
gelera,1,0,6,0,1,ge,ra,gel,era
jennifer,1,0,8,0,0,je,er,jen,fer
karla,1,0,5,0,1,ka,la,kar,rla
katri,1,0,5,0,1,ka,ri,kat,tri
kendra,1,0,6,0,1,ke,ra,ken,dra
kenyatta,1,0,8,0,1,ke,ta,ken,tta
lashundria,1,0,10,0,1,la,ia,las,ria
latonya,1,0,7,0,1,la,ya,lat,nya
lonnie,1,0,6,0,1,lo,ie,lon,nie
marci,1,0,5,0,1,ma,ci,mar,rci
moniqua,1,0,7,0,1,mo,ua,mon,qua
ome,1,0,3,1,1,om,me,ome,ome
talie,1,0,5,0,1,ta,ie,tal,lie
niayetta,1,0,8,0,1,ni,ta,nia,tta
precious,1,0,8,0,0,pr,us,pre,ous
romo,1,0,4,0,1,ro,mo,rom,omo
rusheda,1,0,7,0,1,ru,da,rus,eda
shantoya,1,0,8,0,1,sh,ya,sha,oya
shela,1,0,5,0,1,sh,la,she,ela
shelia,1,0,6,0,1,sh,ia,she,lia
shontell,1,0,8,0,0,sh,ll,sho,ell
sonya,1,0,5,0,1,so,ya,son,nya
tania,1,0,5,0,1,ta,ia,tan,nia
tashara,1,0,7,0,1,ta,ra,tas,ara
teretha,1,0,7,0,1,te,ha,ter,tha
tory,1,0,4,0,0,to,ry,tor,ory
tykebitha,1,0,9,0,1,ty,ha,tyk,tha
qia,1,0,3,0,1,qi,ia,qia,qia
israel,1,0,6,1,0,is,el,isr,ael
melinda,1,0,7,0,1,me,da,mel,nda
angeli,1,0,6,1,1,an,li,ang,eli
ebony,1,0,5,1,0,eb,ny,ebo,ony
lean,1,0,4,0,0,le,an,lea,ean
lockie,1,0,6,0,1,lo,ie,loc,kie
tracy,1,0,5,0,0,tr,cy,tra,acy
terri,1,0,5,0,1,te,ri,ter,rri
yvette,1,0,6,0,1,yv,te,yve,tte
lauren,1,0,6,0,0,la,en,lau,ren
cedrenea,1,0,8,0,1,ce,ea,ced,nea
beatrice,1,0,8,0,1,be,ce,bea,ice
takikie,1,0,7,0,1,ta,ie,tak,kie
jacquelyn,1,0,9,0,0,ja,yn,jac,lyn
taquesta,1,0,8,0,1,ta,ta,taq,sta
marie,1,0,5,0,1,ma,ie,mar,rie
anntawan,1,0,8,1,0,an,an,ann,wan
lacharion,1,0,9,0,0,la,on,lac,ion
roxanne,1,0,7,0,1,ro,ne,rox,nne
shernita,1,0,8,0,1,sh,ta,she,ita
shenkda,1,0,7,0,1,sh,da,she,kda
kalnisha,1,0,8,0,1,ka,ha,kal,sha
tamera,1,0,6,0,1,ta,ra,tam,era
tami,1,0,4,0,1,ta,mi,tam,ami
cameshia,1,0,8,0,1,ca,ia,cam,hia
kerry,1,0,5,0,0,ke,ry,ker,rry
valencia,1,0,8,0,1,va,ia,val,cia
khierta,1,0,7,0,1,kh,ta,khi,rta
tamara,1,0,6,0,1,ta,ra,tam,ara
mattie,1,0,6,0,1,ma,ie,mat,tie
shelea,1,0,6,0,1,sh,ea,she,lea
tayquaill,1,0,9,0,0,ta,ll,tay,ill
nikki,1,0,5,0,1,ni,ki,nik,kki
lakira,1,0,6,0,1,la,ra,lak,ira
shameka,1,0,7,0,1,sh,ka,sha,eka
alesha,1,0,6,1,1,al,ha,ale,sha
tia,1,0,3,0,1,ti,ia,tia,tia
cherai,1,0,6,0,1,ch,ai,che,rai
demetria,1,0,8,0,1,de,ia,dem,ria
terry,1,0,5,0,0,te,ry,ter,rry
yol,1,0,3,0,0,yo,ol,yol,yol
zucchini,1,0,8,0,1,zu,ni,zuc,ini
alexus,1,0,6,1,0,al,us,ale,xus
aysheia,1,0,7,1,1,ay,ia,ays,eia
tremeka,1,0,7,0,1,tr,ka,tre,eka
asia,1,0,4,1,1,as,ia,asi,sia
rebecca,1,0,7,0,1,re,ca,reb,cca
toccara,1,0,7,0,1,to,ra,toc,ara
kenitra,1,0,7,0,1,ke,ra,ken,tra
joycelyn,1,0,8,0,0,jo,yn,joy,lyn
kim,1,0,3,0,0,ki,im,kim,kim
minerva,1,0,7,0,1,mi,va,min,rva
chelsea,1,0,7,0,1,ch,ea,che,sea
portia,1,0,6,0,1,po,ia,por,tia
alicia,1,0,6,1,1,al,ia,ali,cia
gytonia,1,0,7,0,1,gy,ia,gyt,nia
charlotte,1,0,9,0,1,ch,te,cha,tte
erma,1,0,4,1,1,er,ma,erm,rma
arshantayvi,1,0,11,1,1,ar,vi,ars,yvi
shantwanice,1,0,11,0,1,sh,ce,sha,ice
letisha,1,0,7,0,1,le,ha,let,sha
nekosha,1,0,7,0,1,ne,ha,nek,sha
chantay,1,0,7,0,0,ch,ay,cha,tay
queen,1,0,5,0,0,qu,en,que,een
shimika,1,0,7,0,1,sh,ka,shi,ika
arlean,1,0,6,1,0,ar,an,arl,ean
katie,1,0,5,0,1,ka,ie,kat,tie
ruby,1,0,4,0,0,ru,by,rub,uby
susanne,1,0,7,0,1,su,ne,sus,nne
curtessa,1,0,8,0,1,cu,sa,cur,ssa
cierra,1,0,6,0,1,ci,ra,cie,rra
freda,1,0,5,0,1,fr,da,fre,eda
jacquella,1,0,9,0,1,ja,la,jac,lla
marlo,1,0,5,0,1,ma,lo,mar,rlo
sabri,1,0,5,0,1,sa,ri,sab,bri
genie,1,0,5,0,1,ge,ie,gen,nie
tempress,1,0,8,0,0,te,ss,tem,ess
hawanya,1,0,7,0,1,ha,ya,haw,nya
chantel,1,0,7,0,0,ch,el,cha,tel
bianca,1,0,6,0,1,bi,ca,bia,nca
cynti,1,0,5,0,1,cy,ti,cyn,nti
kesha,1,0,5,0,1,ke,ha,kes,sha
savonia,1,0,7,0,1,sa,ia,sav,nia
shayla,1,0,6,0,1,sh,la,sha,yla
vivian,1,0,6,0,0,vi,an,viv,ian
keryline,1,0,8,0,1,ke,ne,ker,ine
deji,1,0,4,0,1,de,ji,dej,eji
edricka,1,0,7,1,1,ed,ka,edr,cka
princess,1,0,8,0,0,pr,ss,pri,ess
rhonda,1,0,6,0,1,rh,da,rho,nda
juanita,1,0,7,0,1,ju,ta,jua,ita
hinda,1,0,5,0,1,hi,da,hin,nda
joy,1,0,3,0,0,jo,oy,joy,joy
kambri,1,0,6,0,1,ka,ri,kam,bri
mary,1,0,4,0,0,ma,ry,mar,ary
shanieka,1,0,8,0,1,sh,ka,sha,eka
shara,1,0,5,0,1,sh,ra,sha,ara
tori,1,0,4,0,1,to,ri,tor,ori
keia,1,0,4,0,1,ke,ia,kei,eia
dorthy,1,0,6,0,0,do,hy,dor,thy
connie,1,0,6,0,1,co,ie,con,nie
leola,1,0,5,0,1,le,la,leo,ola
mynicia,1,0,7,0,1,my,ia,myn,cia
eddie,1,0,5,1,1,ed,ie,edd,die
rosielee,1,0,8,0,1,ro,ee,ros,lee
toe,1,0,3,0,1,to,oe,toe,toe
tyeshia,1,0,7,0,1,ty,ia,tye,hia
carla,1,0,5,0,1,ca,la,car,rla
vevine,1,0,6,0,1,ve,ne,vev,ine
dwa,1,0,3,0,1,dw,wa,dwa,dwa
wylene,1,0,6,0,1,wy,ne,wyl,ene
pearl,1,0,5,0,0,pe,rl,pea,arl
oletha,1,0,6,1,1,ol,ha,ole,tha
shantiel,1,0,8,0,0,sh,el,sha,iel
tamish,1,0,6,0,0,ta,sh,tam,ish
tyneshea,1,0,8,0,1,ty,ea,tyn,hea
dayeisha,1,0,8,0,1,da,ha,day,sha
joanne,1,0,6,0,1,jo,ne,joa,nne
lateara,1,0,7,0,1,la,ra,lat,ara
sherli,1,0,6,0,1,sh,li,she,rli
shacoia,1,0,7,0,1,sh,ia,sha,oia
porsha,1,0,6,0,1,po,ha,por,sha
abigail,1,0,7,1,0,ab,il,abi,ail
lutrische,1,0,9,0,1,lu,he,lut,che
delois,1,0,6,0,0,de,is,del,ois
gabrielle,1,0,9,0,1,ga,le,gab,lle
marvette,1,0,8,0,1,ma,te,mar,tte
senita,1,0,6,0,1,se,ta,sen,ita
janine,1,0,6,0,1,ja,ne,jan,ine
carlita,1,0,7,0,1,ca,ta,car,ita
chinnetta,1,0,9,0,1,ch,ta,chi,tta
debra,1,0,5,0,1,de,ra,deb,bra
delores,1,0,7,0,0,de,es,del,res
rochelle,1,0,8,0,1,ro,le,roc,lle
starr,1,0,5,0,0,st,rr,sta,arr
susie,1,0,5,0,1,su,ie,sus,sie
takcola,1,0,7,0,1,ta,la,tak,ola
tawrshia,1,0,8,0,1,ta,ia,taw,hia
teka,1,0,4,0,1,te,ka,tek,eka
dymond,1,0,6,0,0,dy,nd,dym,ond
latarsha,1,0,8,0,1,la,ha,lat,sha
renee,1,0,5,0,1,re,ee,ren,nee
terrani,1,0,7,0,1,te,ni,ter,ani
everlyn,1,0,7,1,0,ev,yn,eve,lyn
daysha,1,0,6,0,1,da,ha,day,sha
quansh,1,0,6,0,0,qu,sh,qua,nsh
shantae,1,0,7,0,1,sh,ae,sha,tae
venecia,1,0,7,0,1,ve,ia,ven,cia
keshia,1,0,6,0,1,ke,ia,kes,hia
dierdre,1,0,7,0,1,di,re,die,dre
ernestine,1,0,9,1,1,er,ne,ern,ine
laurie,1,0,6,0,1,la,ie,lau,rie
mariela,1,0,7,0,1,ma,la,mar,ela
orlesa,1,0,6,1,1,or,sa,orl,esa
tammie,1,0,6,0,1,ta,ie,tam,mie
carine,1,0,6,0,1,ca,ne,car,ine
jane,1,0,4,0,1,ja,ne,jan,ane
titilayo,1,0,8,0,1,ti,yo,tit,ayo
qmetee,1,0,6,0,1,qm,ee,qme,tee
june,1,0,4,0,1,ju,ne,jun,une
jessie,1,0,6,0,1,je,ie,jes,sie
zoro,1,0,4,0,1,zo,ro,zor,oro
sonji,1,0,5,0,1,so,ji,son,nji
kendrioa,1,0,8,0,1,ke,oa,ken,ioa
zenithia,1,0,8,0,1,ze,ia,zen,hia
guecoba,1,0,7,0,1,gu,ba,gue,oba
sarethya,1,0,8,0,1,sa,ya,sar,hya
yarkmealer,1,0,10,0,0,ya,er,yar,ler
fermisha,1,0,8,0,1,fe,ha,fer,sha
sherese,1,0,7,0,1,sh,se,she,ese
kathryn,1,0,7,0,0,ka,yn,kat,ryn
shanice,1,0,7,0,1,sh,ce,sha,ice
jerrica,1,0,7,0,1,je,ca,jer,ica
lakeisha,1,0,8,0,1,la,ha,lak,sha
batsheba,1,0,8,0,1,ba,ba,bat,eba
angeti,1,0,6,1,1,an,ti,ang,eti
cortney,1,0,7,0,0,co,ey,cor,ney
tamarra,1,0,7,0,1,ta,ra,tam,rra
tarron,1,0,6,0,0,ta,on,tar,ron
monica,1,0,6,0,1,mo,ca,mon,ica
ian,1,0,3,1,0,ia,an,ian,ian
jimmiel,1,0,7,0,0,ji,el,jim,iel
thursday,1,0,8,0,0,th,ay,thu,day
brittany,1,0,8,0,0,br,ny,bri,any
phadael,1,0,7,0,0,ph,el,pha,ael
delia,1,0,5,0,1,de,ia,del,lia
ersela,1,0,6,1,1,er,la,ers,ela
kayla,1,0,5,0,1,ka,la,kay,yla
mikesha,1,0,7,0,1,mi,ha,mik,sha
laporshia,1,0,9,0,1,la,ia,lap,hia
tyrisha,1,0,7,0,1,ty,ha,tyr,sha
laquita,1,0,7,0,1,la,ta,laq,ita
melonea,1,0,7,0,1,me,ea,mel,nea
shantavious,1,0,11,0,0,sh,us,sha,ous
keisha,1,0,6,0,1,ke,ha,kei,sha
georgette,1,0,9,0,1,ge,te,geo,tte
vickie,1,0,6,0,1,vi,ie,vic,kie
laneka,1,0,6,0,1,la,ka,lan,eka
michelle,1,0,8,0,1,mi,le,mic,lle
idala,1,0,5,1,1,id,la,ida,ala
quanesha,1,0,8,0,1,qu,ha,qua,sha
tenecia,1,0,7,0,1,te,ia,ten,cia
tiesha,1,0,6,0,1,ti,ha,tie,sha
kiera,1,0,5,0,1,ki,ra,kie,era
diane,1,0,5,0,1,di,ne,dia,ane
mable,1,0,5,0,1,ma,le,mab,ble
alvati,1,0,6,1,1,al,ti,alv,ati
ursula,1,0,6,1,1,ur,la,urs,ula
elaine,1,0,6,1,1,el,ne,ela,ine
yvonne,1,0,6,0,1,yv,ne,yvo,nne
jenieka,1,0,7,0,1,je,ka,jen,eka
keturah,1,0,7,0,0,ke,ah,ket,rah
metika,1,0,6,0,1,me,ka,met,ika
shamiekka,1,0,9,0,1,sh,ka,sha,kka
wilhemi,1,0,7,0,1,wi,mi,wil,emi
kwanzara,1,0,8,0,1,kw,ra,kwa,ara
jaime,1,0,5,0,1,ja,me,jai,ime
femesha,1,0,7,0,1,fe,ha,fem,sha
marsha,1,0,6,0,1,ma,ha,mar,sha
shal,1,0,4,0,0,sh,al,sha,hal
tenisha,1,0,7,0,1,te,ha,ten,sha
adrien,1,0,6,1,0,ad,en,adr,ien
daria,1,0,5,0,1,da,ia,dar,ria
shadesia,1,0,8,0,1,sh,ia,sha,sia
latoria,1,0,7,0,1,la,ia,lat,ria
phyllis,1,0,7,0,0,ph,is,phy,lis
ukenia,1,0,6,1,1,uk,ia,uke,nia
vanita,1,0,6,0,1,va,ta,van,ita
jennyse,1,0,7,0,1,je,se,jen,yse
francietta,1,0,10,0,1,fr,ta,fra,tta
keira,1,0,5,0,1,ke,ra,kei,ira
shanta,1,0,6,0,1,sh,ta,sha,nta
jamisha,1,0,7,0,1,ja,ha,jam,sha
iris,1,0,4,1,0,ir,is,iri,ris
babetta,1,0,7,0,1,ba,ta,bab,tta
rekenda,1,0,7,0,1,re,da,rek,nda
slynithia,1,0,9,0,1,sl,ia,sly,hia
santa,1,0,5,0,1,sa,ta,san,nta
bobby,1,0,5,0,0,bo,by,bob,bby
stacy,1,0,5,0,0,st,cy,sta,acy
alex,1,0,4,1,0,al,ex,ale,lex
fredkedra,1,0,9,0,1,fr,ra,fre,dra
jamie,1,0,5,0,1,ja,ie,jam,mie
rachel,1,0,6,0,0,ra,el,rac,hel
shakevia,1,0,8,0,1,sh,ia,sha,via
tanika,1,0,6,0,1,ta,ka,tan,ika
deanne,1,0,6,0,1,de,ne,dea,nne
shebeyonne,1,0,10,0,1,sh,ne,she,nne
loveria,1,0,7,0,1,lo,ia,lov,ria
virginia,1,0,8,0,1,vi,ia,vir,nia
laquiata,1,0,8,0,1,la,ta,laq,ata
zykira,1,0,6,0,1,zy,ra,zyk,ira
tanesha,1,0,7,0,1,ta,ha,tan,sha
shakeya,1,0,7,0,1,sh,ya,sha,eya
jasmine,1,0,7,0,1,ja,ne,jas,ine
dyw,1,0,3,0,0,dy,yw,dyw,dyw
lekeshia,1,0,8,0,1,le,ia,lek,hia
dean,1,0,4,0,0,de,an,dea,ean
barbara,1,0,7,0,1,ba,ra,bar,ara
anquette,1,0,8,1,1,an,te,anq,tte
bonnie,1,0,6,0,1,bo,ie,bon,nie
emily,1,0,5,1,0,em,ly,emi,ily
alltawan,1,0,8,1,0,al,an,all,wan
starce,1,0,6,0,1,st,ce,sta,rce
kiairra,1,0,7,0,1,ki,ra,kia,rra
dawn,1,0,4,0,0,da,wn,daw,awn
vonzay,1,0,6,0,0,vo,ay,von,zay
windy,1,0,5,0,0,wi,dy,win,ndy
sharday,1,0,7,0,0,sh,ay,sha,day
chiquita,1,0,8,0,1,ch,ta,chi,ita
angel,1,0,5,1,0,an,el,ang,gel
quachetta,1,0,9,0,1,qu,ta,qua,tta
jalinqua,1,0,8,0,1,ja,ua,jal,qua
derlyn,1,0,6,0,0,de,yn,der,lyn
keyuan,1,0,6,0,0,ke,an,key,uan
kaleigh,1,0,7,0,0,ka,gh,kal,igh
eloise,1,0,6,1,1,el,se,elo,ise
norgiea,1,0,7,0,1,no,ea,nor,iea
celese,1,0,6,0,1,ce,se,cel,ese
irene,1,0,5,1,1,ir,ne,ire,ene
nichole,1,0,7,0,1,ni,le,nic,ole
desha,1,0,5,0,1,de,ha,des,sha
myrlaine,1,0,8,0,1,my,ne,myr,ine
odessa,1,0,6,1,1,od,sa,ode,ssa
shannon,1,0,7,0,0,sh,on,sha,non
lakita,1,0,6,0,1,la,ta,lak,ita
tricia,1,0,6,0,1,tr,ia,tri,cia
lillie,1,0,6,0,1,li,ie,lil,lie
thasa,1,0,5,0,1,th,sa,tha,asa
devanette,1,0,9,0,1,de,te,dev,tte
chenika,1,0,7,0,1,ch,ka,che,ika
lakella,1,0,7,0,1,la,la,lak,lla
marilyn,1,0,7,0,0,ma,yn,mar,lyn
marion,1,0,6,0,0,ma,on,mar,ion
odette,1,0,6,1,1,od,te,ode,tte
sheila,1,0,6,0,1,sh,la,she,ila
thea,1,0,4,0,1,th,ea,the,hea
tonja,1,0,5,0,1,to,ja,ton,nja
vonice,1,0,6,0,1,vo,ce,von,ice
kiara,1,0,5,0,1,ki,ra,kia,ara
queneshia,1,0,9,0,1,qu,ia,que,hia
tasara,1,0,6,0,1,ta,ra,tas,ara
conchetia,1,0,9,0,1,co,ia,con,tia
keshara,1,0,7,0,1,ke,ra,kes,ara
latisha,1,0,7,0,1,la,ha,lat,sha
tika,1,0,4,0,1,ti,ka,tik,ika
theresa,1,0,7,0,1,th,sa,the,esa
vikki,1,0,5,0,1,vi,ki,vik,kki
tanya,1,0,5,0,1,ta,ya,tan,nya
dashan,1,0,6,0,0,da,an,das,han
bijan,1,0,5,0,0,bi,an,bij,jan
virgie,1,0,6,0,1,vi,ie,vir,gie
zella,1,0,5,0,1,ze,la,zel,lla
carol,1,0,5,0,0,ca,ol,car,rol
breyan,1,0,6,0,0,br,an,bre,yan
caroline,1,0,8,0,1,ca,ne,car,ine
felisa,1,0,6,0,1,fe,sa,fel,isa
likita,1,0,6,0,1,li,ta,lik,ita
nora,1,0,4,0,1,no,ra,nor,ora
shasha,1,0,6,0,1,sh,ha,sha,sha
sydella,1,0,7,0,1,sy,la,syd,lla
tamesha,1,0,7,0,1,ta,ha,tam,sha
tonie,1,0,5,0,1,to,ie,ton,nie
tressie,1,0,7,0,1,tr,ie,tre,sie
ellisha,1,0,7,1,1,el,ha,ell,sha
bria,1,0,4,0,1,br,ia,bri,ria
ivey,1,0,4,1,0,iv,ey,ive,vey
lacoya,1,0,6,0,1,la,ya,lac,oya
lakesha,1,0,7,0,1,la,ha,lak,sha
lashawndra,1,0,10,0,1,la,ra,las,dra
mary jean,1,0,9,0,0,ma,an,mar,ean
tashee,1,0,6,0,1,ta,ee,tas,hee
willie,1,0,6,0,1,wi,ie,wil,lie
ciera,1,0,5,0,1,ci,ra,cie,era
elizabeth,1,0,9,1,0,el,th,eli,eth
krystal,1,0,7,0,0,kr,al,kry,tal
jameisha,1,0,8,0,1,ja,ha,jam,sha
samantha,1,0,8,0,1,sa,ha,sam,tha
shemira,1,0,7,0,1,sh,ra,she,ira
kerteshia,1,0,9,0,1,ke,ia,ker,hia
laura,1,0,5,0,1,la,ra,lau,ura
opreail,1,0,7,1,0,op,il,opr,ail
audrey,1,0,6,1,0,au,ey,aud,rey
bresha,1,0,6,0,1,br,ha,bre,sha
dorothea,1,0,8,0,1,do,ea,dor,hea
francesca,1,0,9,0,1,fr,ca,fra,sca
iesha,1,0,5,1,1,ie,ha,ies,sha
ivory,1,0,5,1,0,iv,ry,ivo,ory
latrice,1,0,7,0,1,la,ce,lat,ice
keitha,1,0,6,0,1,ke,ha,kei,tha
loretha,1,0,7,0,1,lo,ha,lor,tha
tawa,1,0,4,0,1,ta,wa,taw,awa
priscilla,1,0,9,0,1,pr,la,pri,lla
liza,1,0,4,0,1,li,za,liz,iza
markida,1,0,7,0,1,ma,da,mar,ida
ruthey,1,0,6,0,0,ru,ey,rut,hey
melodee,1,0,7,0,1,me,ee,mel,dee
grace,1,0,5,0,1,gr,ce,gra,ace
betty,1,0,5,0,0,be,ty,bet,tty
talira,1,0,6,0,1,ta,ra,tal,ira
jerrika,1,0,7,0,1,je,ka,jer,ika
vanquesha,1,0,9,0,1,va,ha,van,sha
shavonni,1,0,8,0,1,sh,ni,sha,nni
elonda,1,0,6,1,1,el,da,elo,nda
holly,1,0,5,0,0,ho,ly,hol,lly
evelyn,1,0,6,1,0,ev,yn,eve,lyn
tasya,1,0,5,0,1,ta,ya,tas,sya
myrtle,1,0,6,0,1,my,le,myr,tle
zebada,1,0,6,0,1,ze,da,zeb,ada
eunice,1,0,6,1,1,eu,ce,eun,ice
ereka,1,0,5,1,1,er,ka,ere,eka
kenya,1,0,5,0,1,ke,ya,ken,nya
marguerite,1,0,10,0,1,ma,te,mar,ite
penny,1,0,5,0,0,pe,ny,pen,nny
phillis,1,0,7,0,0,ph,is,phi,lis
ronneka,1,0,7,0,1,ro,ka,ron,eka
law,1,0,3,0,0,la,aw,law,law
bobbie,1,0,6,0,1,bo,ie,bob,bie
janell,1,0,6,0,0,ja,ll,jan,ell
kathleen,1,0,8,0,0,ka,en,kat,een
rosa,1,0,4,0,1,ro,sa,ros,osa
lakevia,1,0,7,0,1,la,ia,lak,via
lashonda,1,0,8,0,1,la,da,las,nda
jeanie,1,0,6,0,1,je,ie,jea,nie
fannie,1,0,6,0,1,fa,ie,fan,nie
lacynthia,1,0,9,0,1,la,ia,lac,hia
tyra,1,0,4,0,1,ty,ra,tyr,yra
makitta,1,0,7,0,1,ma,ta,mak,tta
lash,1,0,4,0,0,la,sh,las,ash
diashekia,1,0,9,0,1,di,ia,dia,kia
dominque,1,0,8,0,1,do,ue,dom,que
shozanio,1,0,8,0,1,sh,io,sho,nio
cherry,1,0,6,0,0,ch,ry,che,rry
christine,1,0,9,0,1,ch,ne,chr,ine
derrise,1,0,7,0,1,de,se,der,ise
lucretia,1,0,8,0,1,lu,ia,luc,tia
rocshelle,1,0,9,0,1,ro,le,roc,lle
cheronda,1,0,8,0,1,ch,da,che,nda
lesh,1,0,4,0,0,le,sh,les,esh
ellen,1,0,5,1,0,el,en,ell,len
ruthie,1,0,6,0,1,ru,ie,rut,hie
dionne,1,0,6,0,1,di,ne,dio,nne
redessa,1,0,7,0,1,re,sa,red,ssa
kelvi,1,0,5,0,1,ke,vi,kel,lvi
tereasa,1,0,7,0,1,te,sa,ter,asa
aliah,1,0,5,1,0,al,ah,ali,iah
amber,1,0,5,1,0,am,er,amb,ber
loletha,1,0,7,0,1,lo,ha,lol,tha
makeba,1,0,6,0,1,ma,ba,mak,eba
lessie,1,0,6,0,1,le,ie,les,sie
roteia,1,0,6,0,1,ro,ia,rot,eia
octayvia,1,0,8,1,1,oc,ia,oct,via
anecia,1,0,6,1,1,an,ia,ane,cia
latoyia,1,0,7,0,1,la,ia,lat,yia
arnesia,1,0,7,1,1,ar,ia,arn,sia
leshaw,1,0,6,0,0,le,aw,les,haw
jonbrika,1,0,8,0,1,jo,ka,jon,ika
omar,1,0,4,1,0,om,ar,oma,mar
tajiri,1,0,6,0,1,ta,ri,taj,iri
akeelah,1,0,7,1,0,ak,ah,ake,lah
annjanette,1,0,10,1,1,an,te,ann,tte
baheejah,1,0,8,0,0,ba,ah,bah,jah
brean,1,0,5,0,0,br,an,bre,ean
brushaunda,1,0,10,0,1,br,da,bru,nda
garaya,1,0,6,0,1,ga,ya,gar,aya
janice,1,0,6,0,1,ja,ce,jan,ice
jesharae,1,0,8,0,1,je,ae,jes,rae
keiarra,1,0,7,0,1,ke,ra,kei,rra
lois,1,0,4,0,0,lo,is,loi,ois
martha,1,0,6,0,1,ma,ha,mar,tha
maxine,1,0,6,0,1,ma,ne,max,ine
merita,1,0,6,0,1,me,ta,mer,ita
nya,1,0,3,0,1,ny,ya,nya,nya
passion,1,0,7,0,0,pa,on,pas,ion
quinetta,1,0,8,0,1,qu,ta,qui,tta
sarah,1,0,5,0,0,sa,ah,sar,rah
shantell,1,0,8,0,0,sh,ll,sha,ell
sherhonda,1,0,9,0,1,sh,da,she,nda
taneisha,1,0,8,0,1,ta,ha,tan,sha
victoria,1,0,8,0,1,vi,ia,vic,ria
yasema,1,0,6,0,1,ya,ma,yas,ema
irma,1,0,4,1,1,ir,ma,irm,rma
clarissa,1,0,8,0,1,cl,sa,cla,ssa
leatha,1,0,6,0,1,le,ha,lea,tha
shateria,1,0,8,0,1,sh,ia,sha,ria
terrika,1,0,7,0,1,te,ka,ter,ika
liquanta,1,0,8,0,1,li,ta,liq,nta
richardlyn,1,0,10,0,0,ri,yn,ric,lyn
glory,1,0,5,0,0,gl,ry,glo,ory
jahmecca,1,0,8,0,1,ja,ca,jah,cca
deje,1,0,4,0,1,de,je,dej,eje
britney,1,0,7,0,0,br,ey,bri,ney
bernice,1,0,7,0,1,be,ce,ber,ice
euneka,1,0,6,1,1,eu,ka,eun,eka
karen,1,0,5,0,0,ka,en,kar,ren
lace,1,0,4,0,1,la,ce,lac,ace
lanses,1,0,6,0,0,la,es,lan,ses
ziedra,1,0,6,0,1,zi,ra,zie,dra
thewan,1,0,6,0,0,th,an,the,wan
kourtney,1,0,8,0,0,ko,ey,kou,ney
byanca,1,0,6,0,1,by,ca,bya,nca
charlyarta,1,0,10,0,1,ch,ta,cha,rta
cherelle,1,0,8,0,1,ch,le,che,lle
colony,1,0,6,0,0,co,ny,col,ony
daesha,1,0,6,0,1,da,ha,dae,sha
dianeshia,1,0,9,0,1,di,ia,dia,hia
johneka,1,0,7,0,1,jo,ka,joh,eka
kelly,1,0,5,0,0,ke,ly,kel,lly
laquinda,1,0,8,0,1,la,da,laq,nda
lashunda,1,0,8,0,1,la,da,las,nda
latissha,1,0,8,0,1,la,ha,lat,sha
mavis,1,0,5,0,0,ma,is,mav,vis
michele,1,0,7,0,1,mi,le,mic,ele
isha,1,0,4,1,1,is,ha,ish,sha
nellie,1,0,6,0,1,ne,ie,nel,lie
regi,1,0,4,0,1,re,gi,reg,egi
sebra,1,0,5,0,1,se,ra,seb,bra
shamichael,1,0,10,0,0,sh,el,sha,ael
shanika,1,0,7,0,1,sh,ka,sha,ika
shante,1,0,6,0,1,sh,te,sha,nte
shernice,1,0,8,0,1,sh,ce,she,ice
stacey,1,0,6,0,0,st,ey,sta,cey
tikeshia,1,0,8,0,1,ti,ia,tik,hia
tri,1,0,3,0,1,tr,ri,tri,tri
vuzhuan,1,0,7,0,0,vu,an,vuz,uan
lucienne,1,0,8,0,1,lu,ne,luc,nne
tiphanie,1,0,8,0,1,ti,ie,tip,nie
alethia,1,0,7,1,1,al,ia,ale,hia
bridgett,1,0,8,0,0,br,tt,bri,ett
carrie,1,0,6,0,1,ca,ie,car,rie
cherale,1,0,7,0,1,ch,le,che,ale
dih,1,0,3,0,0,di,ih,dih,dih
ella,1,0,4,1,1,el,la,ell,lla
erika,1,0,5,1,1,er,ka,eri,ika
jimetrice,1,0,9,0,1,ji,ce,jim,ice
johwa,1,0,5,0,1,jo,wa,joh,hwa
jolyn,1,0,5,0,0,jo,yn,jol,lyn
kanisha,1,0,7,0,1,ka,ha,kan,sha
lenise,1,0,6,0,1,le,se,len,ise
letica,1,0,6,0,1,le,ca,let,ica
meagan,1,0,6,0,0,me,an,mea,gan
ora,1,0,3,1,1,or,ra,ora,ora
patsy,1,0,5,0,0,pa,sy,pat,tsy
rhoshun,1,0,7,0,0,rh,un,rho,hun
ronsheilla,1,0,10,0,1,ro,la,ron,lla
shaketa,1,0,7,0,1,sh,ta,sha,eta
shamika,1,0,7,0,1,sh,ka,sha,ika
tekia,1,0,5,0,1,te,ia,tek,kia
telexsis,1,0,8,0,0,te,is,tel,sis
tonita,1,0,6,0,1,to,ta,ton,ita
violet,1,0,6,0,0,vi,et,vio,let
yashica,1,0,7,0,1,ya,ca,yas,ica
susan,1,0,5,0,0,su,an,sus,san
shirlene,1,0,8,0,1,sh,ne,shi,ene
mishka,1,0,6,0,1,mi,ka,mis,hka
brittiny,1,0,8,0,0,br,ny,bri,iny
rol,1,0,3,0,0,ro,ol,rol,rol
sonja,1,0,5,0,1,so,ja,son,nja
quachee,1,0,7,0,1,qu,ee,qua,hee
shlonda,1,0,7,0,1,sh,da,shl,nda
kathy,1,0,5,0,0,ka,hy,kat,thy
florida,1,0,7,0,1,fl,da,flo,ida
vetra,1,0,5,0,1,ve,ra,vet,tra
neka,1,0,4,0,1,ne,ka,nek,eka
emon,1,0,4,1,0,em,on,emo,mon
geneva,1,0,6,0,1,ge,va,gen,eva
constance,1,0,9,0,1,co,ce,con,nce
melody,1,0,6,0,0,me,dy,mel,ody
teneque,1,0,7,0,1,te,ue,ten,que
delilah,1,0,7,0,0,de,ah,del,lah
relda,1,0,5,0,1,re,da,rel,lda
leo,1,0,3,0,1,le,eo,leo,leo
carolyn,1,0,7,0,0,ca,yn,car,lyn
deyosha,1,0,7,0,1,de,ha,dey,sha
jasmyne,1,0,7,0,1,ja,ne,jas,yne
kai,1,0,3,0,1,ka,ai,kai,kai
peggy,1,0,5,0,0,pe,gy,peg,ggy
takeshia,1,0,8,0,1,ta,ia,tak,hia
erin,1,0,4,1,0,er,in,eri,rin
banet,1,0,5,0,0,ba,et,ban,net
stanchelle,1,0,10,0,1,st,le,sta,lle
deelgra,1,0,7,0,1,de,ra,dee,gra
cecelia,1,0,7,0,1,ce,ia,cec,lia
ola,1,0,3,1,1,ol,la,ola,ola
shaneque,1,0,8,0,1,sh,ue,sha,que
glenda,1,0,6,0,1,gl,da,gle,nda
shikee,1,0,6,0,1,sh,ee,shi,kee
laisha,1,0,6,0,1,la,ha,lai,sha
lenora,1,0,6,0,1,le,ra,len,ora
luquantra,1,0,9,0,1,lu,ra,luq,tra
lashawn,1,0,7,0,0,la,wn,las,awn
leah,1,0,4,0,0,le,ah,lea,eah
jacquelin,1,0,9,0,0,ja,in,jac,lin
lasonya,1,0,7,0,1,la,ya,las,nya
travis,1,0,6,0,0,tr,is,tra,vis
johnnie,1,0,7,0,1,jo,ie,joh,nie
shee,1,0,4,0,1,sh,ee,she,hee
shani,1,0,5,0,1,sh,ni,sha,ani
artavia,1,0,7,1,1,ar,ia,art,via
athe,1,0,4,1,1,at,he,ath,the
heather,1,0,7,0,0,he,er,hea,her
lashon,1,0,6,0,0,la,on,las,hon
lummie,1,0,6,0,1,lu,ie,lum,mie
olicia,1,0,6,1,1,ol,ia,oli,cia
tamaya,1,0,6,0,1,ta,ya,tam,aya
roisha,1,0,6,0,1,ro,ha,roi,sha
chalita,1,0,7,0,1,ch,ta,cha,ita
inger,1,0,5,1,0,in,er,ing,ger
alethea,1,0,7,1,1,al,ea,ale,hea
latori,1,0,6,0,1,la,ri,lat,ori
rakia,1,0,5,0,1,ra,ia,rak,kia
tynesha,1,0,7,0,1,ty,ha,tyn,sha
valereese,1,0,9,0,1,va,se,val,ese
desiree,1,0,7,0,1,de,ee,des,ree
khaliyah,1,0,8,0,0,kh,ah,kha,yah
dawin,1,0,5,0,0,da,in,daw,win
lecreasha,1,0,9,0,1,le,ha,lec,sha
lori,1,0,4,0,1,lo,ri,lor,ori
tamika,1,0,6,0,1,ta,ka,tam,ika
simone,1,0,6,0,1,si,ne,sim,one
mikecia,1,0,7,0,1,mi,ia,mik,cia
karnesia,1,0,8,0,1,ka,ia,kar,sia
sharese,1,0,7,0,1,sh,se,sha,ese
shaquiondy,1,0,10,0,0,sh,dy,sha,ndy
fonda,1,0,5,0,1,fo,da,fon,nda
tivasha,1,0,7,0,1,ti,ha,tiv,sha
gilbri,1,0,6,0,1,gi,ri,gil,bri
kizza,1,0,5,0,1,ki,za,kiz,zza
roseline,1,0,8,0,1,ro,ne,ros,ine
felia,1,0,5,0,1,fe,ia,fel,lia
doris,1,0,5,0,0,do,is,dor,ris
sable,1,0,5,0,1,sa,le,sab,ble
antaneice,1,0,9,1,1,an,ce,ant,ice
clevette,1,0,8,0,1,cl,te,cle,tte
vanzetti,1,0,8,0,1,va,ti,van,tti
jacqueline,1,0,10,0,1,ja,ne,jac,ine
altaneca,1,0,8,1,1,al,ca,alt,eca
letaskia,1,0,8,0,1,le,ia,let,kia
tequila,1,0,7,0,1,te,la,teq,ila
gwendaly,1,0,8,0,0,gw,ly,gwe,aly
kalama,1,0,6,0,1,ka,ma,kal,ama
ryshawn,1,0,7,0,0,ry,wn,rys,awn
shanovia,1,0,8,0,1,sh,ia,sha,via
laodai,1,0,6,0,1,la,ai,lao,dai
shantavia,1,0,9,0,1,sh,ia,sha,via
deloise,1,0,7,0,1,de,se,del,ise
dia,1,0,3,0,1,di,ia,dia,dia
lanora,1,0,6,0,1,la,ra,lan,ora
thelma,1,0,6,0,1,th,ma,the,lma
qua shondri,1,0,11,0,1,qu,ri,qua,dri
tiachiquita,1,0,11,0,1,ti,ta,tia,ita
delshaughn,1,0,10,0,0,de,hn,del,ghn
leondra,1,0,7,0,1,le,ra,leo,dra
shanqual,1,0,8,0,0,sh,al,sha,ual
kynnitha,1,0,8,0,1,ky,ha,kyn,tha
antronique,1,0,10,1,1,an,ue,ant,que
demitria,1,0,8,0,1,de,ia,dem,ria
savanh,1,0,6,0,0,sa,nh,sav,anh
eumeka,1,0,6,1,1,eu,ka,eum,eka
octavia,1,0,7,1,1,oc,ia,oct,via
retta,1,0,5,0,1,re,ta,ret,tta
shukriyyah,1,0,10,0,0,sh,ah,shu,yah
tommara,1,0,7,0,1,to,ra,tom,ara
kevi,1,0,4,0,1,ke,vi,kev,evi
letoria,1,0,7,0,1,le,ia,let,ria
kiavonni,1,0,8,0,1,ki,ni,kia,nni
doreen,1,0,6,0,0,do,en,dor,een
latangela,1,0,9,0,1,la,la,lat,ela
lawa,1,0,4,0,1,la,wa,law,awa
delma,1,0,5,0,1,de,ma,del,lma
marti,1,0,5,0,1,ma,ti,mar,rti
travera,1,0,7,0,1,tr,ra,tra,era
dine,1,0,4,0,1,di,ne,din,ine
chevon,1,0,6,0,0,ch,on,che,von
thelmecia,1,0,9,0,1,th,ia,the,cia
anne,1,0,4,1,1,an,ne,ann,nne
claudia,1,0,7,0,1,cl,ia,cla,dia
cindy,1,0,5,0,0,ci,dy,cin,ndy
lei,1,0,3,0,1,le,ei,lei,lei
laverne,1,0,7,0,1,la,ne,lav,rne
deaun,1,0,5,0,0,de,un,dea,aun
hele,1,0,4,0,1,he,le,hel,ele
shekera,1,0,7,0,1,sh,ra,she,era
krista,1,0,6,0,1,kr,ta,kri,sta
beulah,1,0,6,0,0,be,ah,beu,lah
yasmine,1,0,7,0,1,ya,ne,yas,ine
louann,1,0,6,0,0,lo,nn,lou,ann
marsh,1,0,5,0,0,ma,sh,mar,rsh
katesha,1,0,7,0,1,ka,ha,kat,sha
chrissie,1,0,8,0,1,ch,ie,chr,sie
dianne,1,0,6,0,1,di,ne,dia,nne
domonike,1,0,8,0,1,do,ke,dom,ike
lowan,1,0,5,0,0,lo,an,low,wan
rasheedah,1,0,9,0,0,ra,ah,ras,dah
whitley,1,0,7,0,0,wh,ey,whi,ley
glenita,1,0,7,0,1,gl,ta,gle,ita
antoinette,1,0,10,1,1,an,te,ant,tte
genesis,1,0,7,0,0,ge,is,gen,sis
darlene,1,0,7,0,1,da,ne,dar,ene
charnice,1,0,8,0,1,ch,ce,cha,ice
gayla,1,0,5,0,1,ga,la,gay,yla
jerrie,1,0,6,0,1,je,ie,jer,rie
sonora,1,0,6,0,1,so,ra,son,ora
venise,1,0,6,0,1,ve,se,ven,ise
joyce,1,0,5,0,1,jo,ce,joy,yce
zoey,1,0,4,0,0,zo,ey,zoe,oey
maydreo,1,0,7,0,1,ma,eo,may,reo
britnee,1,0,7,0,1,br,ee,bri,nee
melodie,1,0,7,0,1,me,ie,mel,die
tarnette,1,0,8,0,1,ta,te,tar,tte
tegra,1,0,5,0,1,te,ra,teg,gra
yatesha,1,0,7,0,1,ya,ha,yat,sha
cleopatra,1,0,9,0,1,cl,ra,cle,tra
rodrea,1,0,6,0,1,ro,ea,rod,rea
brittney,1,0,8,0,0,br,ey,bri,ney
cosette,1,0,7,0,1,co,te,cos,tte
latamra,1,0,7,0,1,la,ra,lat,mra
liltricia,1,0,9,0,1,li,ia,lil,cia
mercedes,1,0,8,0,0,me,es,mer,des
sondra,1,0,6,0,1,so,ra,son,dra
sha,1,0,3,0,1,sh,ha,sha,sha
millie,1,0,6,0,1,mi,ie,mil,lie
jalicia,1,0,7,0,1,ja,ia,jal,cia
cydelia,1,0,7,0,1,cy,ia,cyd,lia
elisa,1,0,5,1,1,el,sa,eli,isa
rochella,1,0,8,0,1,ro,la,roc,lla
shavon,1,0,6,0,0,sh,on,sha,von
todashia,1,0,8,0,1,to,ia,tod,hia
sadaiga,1,0,7,0,1,sa,ga,sad,iga
belinda,1,0,7,0,1,be,da,bel,nda
kaylan,1,0,6,0,0,ka,an,kay,lan
leterra,1,0,7,0,1,le,ra,let,rra
roberta,1,0,7,0,1,ro,ta,rob,rta
rodenisha,1,0,9,0,1,ro,ha,rod,sha
wilma,1,0,5,0,1,wi,ma,wil,lma
netgyne,1,0,7,0,1,ne,ne,net,yne
evernisha,1,0,9,1,1,ev,ha,eve,sha
kamielle,1,0,8,0,1,ka,le,kam,lle
tija,1,0,4,0,1,ti,ja,tij,ija
arial,1,0,5,1,0,ar,al,ari,ial
canvas,1,0,6,0,0,ca,as,can,vas
lenya,1,0,5,0,1,le,ya,len,nya
richarda,1,0,8,0,1,ri,da,ric,rda
sade,1,0,4,0,1,sa,de,sad,ade
shera,1,0,5,0,1,sh,ra,she,era
venious,1,0,7,0,0,ve,us,ven,ous
ariel,1,0,5,1,0,ar,el,ari,iel
balvi,1,0,5,0,1,ba,vi,bal,lvi
tiarsheka,1,0,9,0,1,ti,ka,tia,eka
shalese,1,0,7,0,1,sh,se,sha,ese
jerri,1,0,5,0,1,je,ri,jer,rri
kyaira,1,0,6,0,1,ky,ra,kya,ira
eboni,1,0,5,1,1,eb,ni,ebo,oni
keo,1,0,3,0,1,ke,eo,keo,keo
khadijah,1,0,8,0,0,kh,ah,kha,jah
tara,1,0,4,0,1,ta,ra,tar,ara
wadine,1,0,6,0,1,wa,ne,wad,ine
kelleen,1,0,7,0,0,ke,en,kel,een
sherlyn,1,0,7,0,0,sh,yn,she,lyn
bethany,1,0,7,0,0,be,ny,bet,any
arianne,1,0,7,1,1,ar,ne,ari,nne
quita,1,0,5,0,1,qu,ta,qui,ita
shavone,1,0,7,0,1,sh,ne,sha,one
mara,1,0,4,0,1,ma,ra,mar,ara
jekara,1,0,6,0,1,je,ra,jek,ara
cherrin,1,0,7,0,0,ch,in,che,rin
debbie,1,0,6,0,1,de,ie,deb,bie
markia,1,0,6,0,1,ma,ia,mar,kia
sharolyn,1,0,8,0,0,sh,yn,sha,lyn
danielle,1,0,8,0,1,da,le,dan,lle
amelia,1,0,6,1,1,am,ia,ame,lia
bridgette,1,0,9,0,1,br,te,bri,tte
shelley,1,0,7,0,0,sh,ey,she,ley
hasaani,1,0,7,0,1,ha,ni,has,ani
ellisa,1,0,6,1,1,el,sa,ell,isa
fantasia,1,0,8,0,1,fa,ia,fan,sia
emose,1,0,5,1,1,em,se,emo,ose
danica,1,0,6,0,1,da,ca,dan,ica
alice,1,0,5,1,1,al,ce,ali,ice
karmen,1,0,6,0,0,ka,en,kar,men
chaslin,1,0,7,0,0,ch,in,cha,lin
raenesha,1,0,8,0,1,ra,ha,rae,sha
jenise,1,0,6,0,1,je,se,jen,ise
ncy,1,0,3,0,0,nc,cy,ncy,ncy
laponza,1,0,7,0,1,la,za,lap,nza
marquella,1,0,9,0,1,ma,la,mar,lla
aaliayh,1,0,7,1,0,aa,yh,aal,ayh
charnelle,1,0,9,0,1,ch,le,cha,lle
starquinesh,1,0,11,0,0,st,sh,sta,esh
vivia,1,0,5,0,1,vi,ia,viv,via
tondra,1,0,6,0,1,to,ra,ton,dra
keyunta,1,0,7,0,1,ke,ta,key,nta
shari,1,0,5,0,1,sh,ri,sha,ari
aryante,1,0,7,1,1,ar,te,ary,nte
latorya,1,0,7,0,1,la,ya,lat,rya
mahogny,1,0,7,0,0,ma,ny,mah,gny
eureka,1,0,6,1,1,eu,ka,eur,eka
ronique,1,0,7,0,1,ro,ue,ron,que
tangie,1,0,6,0,1,ta,ie,tan,gie
denishia,1,0,8,0,1,de,ia,den,hia
merriett,1,0,8,0,0,me,tt,mer,ett
tanquilla,1,0,9,0,1,ta,la,tan,lla
valerey,1,0,7,0,0,va,ey,val,rey
shawnega,1,0,8,0,1,sh,ga,sha,ega
brion,1,0,5,0,0,br,on,bri,ion
whitney,1,0,7,0,0,wh,ey,whi,ney
ravelle,1,0,7,0,1,ra,le,rav,lle
tatia,1,0,5,0,1,ta,ia,tat,tia
lavender,1,0,8,0,0,la,er,lav,der
shameika,1,0,8,0,1,sh,ka,sha,ika
clavon,1,0,6,0,0,cl,on,cla,von
felecia,1,0,7,0,1,fe,ia,fel,cia
iann,1,0,4,1,0,ia,nn,ian,ann
gladys,1,0,6,0,0,gl,ys,gla,dys
tamkio,1,0,6,0,1,ta,io,tam,kio
avis,1,0,4,1,0,av,is,avi,vis
cinda,1,0,5,0,1,ci,da,cin,nda
lachada,1,0,7,0,1,la,da,lac,ada
mosale,1,0,6,0,1,mo,le,mos,ale
roselyn,1,0,7,0,0,ro,yn,ros,lyn
lakecia,1,0,7,0,1,la,ia,lak,cia
reta,1,0,4,0,1,re,ta,ret,eta
rose,1,0,4,0,1,ro,se,ros,ose
starlette,1,0,9,0,1,st,te,sta,tte
shontaye,1,0,8,0,1,sh,ye,sho,aye
treshunda,1,0,9,0,1,tr,da,tre,nda
eulie,1,0,5,1,1,eu,ie,eul,lie
francia,1,0,7,0,1,fr,ia,fra,cia
quanisha,1,0,8,0,1,qu,ha,qua,sha
donetia,1,0,7,0,1,do,ia,don,tia
taramati,1,0,8,0,1,ta,ti,tar,ati
kieshia,1,0,7,0,1,ki,ia,kie,hia
lakendra,1,0,8,0,1,la,ra,lak,dra
quee,1,0,4,0,1,qu,ee,que,uee
renita,1,0,6,0,1,re,ta,ren,ita
shann,1,0,5,0,0,sh,nn,sha,ann
lavetta,1,0,7,0,1,la,ta,lav,tta
marketta,1,0,8,0,1,ma,ta,mar,tta
carletha,1,0,8,0,1,ca,ha,car,tha
becky,1,0,5,0,0,be,ky,bec,cky
alisa,1,0,5,1,1,al,sa,ali,isa
carsuli,1,0,7,0,1,ca,li,car,uli
letoya,1,0,6,0,1,le,ya,let,oya
lashaw,1,0,6,0,0,la,aw,las,haw
terra,1,0,5,0,1,te,ra,ter,rra
lola,1,0,4,0,1,lo,la,lol,ola
velle,1,0,5,0,1,ve,le,vel,lle
artivia,1,0,7,1,1,ar,ia,art,via
jamila,1,0,6,0,1,ja,la,jam,ila
merlene,1,0,7,0,1,me,ne,mer,ene
zsamiko,1,0,7,0,1,zs,ko,zsa,iko
huberta,1,0,7,0,1,hu,ta,hub,rta
tycha,1,0,5,0,1,ty,ha,tyc,cha
tymesia,1,0,7,0,1,ty,ia,tym,sia
soriya,1,0,6,0,1,so,ya,sor,iya
akilah,1,0,6,1,0,ak,ah,aki,lah
teeliah,1,0,7,0,0,te,ah,tee,iah
deshorie,1,0,8,0,1,de,ie,des,rie
alexisakira,1,0,11,1,1,al,ra,ale,ira
shaysha,1,0,7,0,1,sh,ha,sha,sha
destiny,1,0,7,0,0,de,ny,des,iny
deborah,1,0,7,0,0,de,ah,deb,rah
gail,1,0,4,0,0,ga,il,gai,ail
doniece,1,0,7,0,1,do,ce,don,ece
chanterria,1,0,10,0,1,ch,ia,cha,ria
estella,1,0,7,1,1,es,la,est,lla
kyah,1,0,4,0,0,ky,ah,kya,yah
damanecia,1,0,9,0,1,da,ia,dam,cia
cherrie,1,0,7,0,1,ch,ie,che,rie
delliah,1,0,7,0,0,de,ah,del,iah
felita,1,0,6,0,1,fe,ta,fel,ita
kortini,1,0,7,0,1,ko,ni,kor,ini
lorene,1,0,6,0,1,lo,ne,lor,ene
roda,1,0,4,0,1,ro,da,rod,oda
shanekia,1,0,8,0,1,sh,ia,sha,kia
sherri,1,0,6,0,1,sh,ri,she,rri
telsa,1,0,5,0,1,te,sa,tel,lsa
tessa,1,0,5,0,1,te,sa,tes,ssa
twa,1,0,3,0,1,tw,wa,twa,twa
shauntare,1,0,9,0,1,sh,re,sha,are
dege,1,0,4,0,1,de,ge,deg,ege
julia,1,0,5,0,1,ju,ia,jul,lia
chaquida,1,0,8,0,1,ch,da,cha,ida
hilary,1,0,6,0,0,hi,ry,hil,ary
pauline,1,0,7,0,1,pa,ne,pau,ine
tashia,1,0,6,0,1,ta,ia,tas,hia
sherika,1,0,7,0,1,sh,ka,she,ika
marla,1,0,5,0,1,ma,la,mar,rla
sharoya,1,0,7,0,1,sh,ya,sha,oya
consula,1,0,7,0,1,co,la,con,ula
yutisha,1,0,7,0,1,yu,ha,yut,sha
redine,1,0,6,0,1,re,ne,red,ine
roshannon,1,0,9,0,0,ro,on,ros,non
asiunique,1,0,9,1,1,as,ue,asi,que
laretha,1,0,7,0,1,la,ha,lar,tha
larmonica,1,0,9,0,1,la,ca,lar,ica
trinece,1,0,7,0,1,tr,ce,tri,ece
allegra,1,0,7,1,1,al,ra,all,gra
inez,1,0,4,1,0,in,ez,ine,nez
keyan,1,0,5,0,0,ke,an,key,yan
miracle,1,0,7,0,1,mi,le,mir,cle
rosalyn,1,0,7,0,0,ro,yn,ros,lyn
velinda,1,0,7,0,1,ve,da,vel,nda
tarshea,1,0,7,0,1,ta,ea,tar,hea
keashtani,1,0,9,0,1,ke,ni,kea,ani
jahneisha,1,0,9,0,1,ja,ha,jah,sha
enid,1,0,4,1,0,en,id,eni,nid
gul,1,0,3,0,0,gu,ul,gul,gul
labrittany,1,0,10,0,0,la,ny,lab,any
lametreal,1,0,9,0,0,la,al,lam,eal
shalika,1,0,7,0,1,sh,ka,sha,ika
starlyn,1,0,7,0,0,st,yn,sta,lyn
tramo,1,0,5,0,1,tr,mo,tra,amo
samara,1,0,6,0,1,sa,ra,sam,ara
shawnta,1,0,7,0,1,sh,ta,sha,nta
charline,1,0,8,0,1,ch,ne,cha,ine
phae,1,0,4,0,1,ph,ae,pha,hae
shequilla,1,0,9,0,1,sh,la,she,lla
shaquavia,1,0,9,0,1,sh,ia,sha,via
sher,1,0,4,0,0,sh,er,she,her
shereka,1,0,7,0,1,sh,ka,she,eka
giselle,1,0,7,0,1,gi,le,gis,lle
rajiva,1,0,6,0,1,ra,va,raj,iva
tanisha,1,0,7,0,1,ta,ha,tan,sha
arde,1,0,4,1,1,ar,de,ard,rde
anita,1,0,5,1,1,an,ta,ani,ita
gian,1,0,4,0,0,gi,an,gia,ian
johan,1,0,5,0,0,jo,an,joh,han
daisy,1,0,5,0,0,da,sy,dai,isy
donetta,1,0,7,0,1,do,ta,don,tta
cheryln,1,0,7,0,0,ch,ln,che,yln
jill,1,0,4,0,0,ji,ll,jil,ill
jonteria,1,0,8,0,1,jo,ia,jon,ria
nijia,1,0,5,0,1,ni,ia,nij,jia
altonyette,1,0,10,1,1,al,te,alt,tte
charisma,1,0,8,0,1,ch,ma,cha,sma
claudine,1,0,8,0,1,cl,ne,cla,ine
danyelle,1,0,8,0,1,da,le,dan,lle
janie,1,0,5,0,1,ja,ie,jan,nie
keneisha,1,0,8,0,1,ke,ha,ken,sha
kenley,1,0,6,0,0,ke,ey,ken,ley
laporsha,1,0,8,0,1,la,ha,lap,sha
lethe,1,0,5,0,1,le,he,let,the
mae,1,0,3,0,1,ma,ae,mae,mae
nykeshia,1,0,8,0,1,ny,ia,nyk,hia
rashonda,1,0,8,0,1,ra,da,ras,nda
shaketta,1,0,8,0,1,sh,ta,sha,tta
shakia,1,0,6,0,1,sh,ia,sha,kia
sheran,1,0,6,0,0,sh,an,she,ran
sherrideen,1,0,10,0,0,sh,en,she,een
symone,1,0,6,0,1,sy,ne,sym,one
tammera,1,0,7,0,1,ta,ra,tam,era
tashica,1,0,7,0,1,ta,ca,tas,ica
veronika,1,0,8,0,1,ve,ka,ver,ika
yakeria,1,0,7,0,1,ya,ia,yak,ria
toni,1,0,4,0,1,to,ni,ton,oni
kajuan,1,0,6,0,0,ka,an,kaj,uan
flaticia,1,0,8,0,1,fl,ia,fla,cia
chinette,1,0,8,0,1,ch,te,chi,tte
hineefah,1,0,8,0,0,hi,ah,hin,fah
deneshia,1,0,8,0,1,de,ia,den,hia
catrela,1,0,7,0,1,ca,la,cat,ela
makeda,1,0,6,0,1,ma,da,mak,eda
sharmaine,1,0,9,0,1,sh,ne,sha,ine
shyre,1,0,5,0,1,sh,re,shy,yre
tyqu,1,0,4,0,1,ty,qu,tyq,yqu
katecia,1,0,7,0,1,ka,ia,kat,cia
necole,1,0,6,0,1,ne,le,nec,ole
luconda,1,0,7,0,1,lu,da,luc,nda
gay,1,0,3,0,0,ga,ay,gay,gay
shaunta,1,0,7,0,1,sh,ta,sha,nta
noni,1,0,4,0,1,no,ni,non,oni
tarsha,1,0,6,0,1,ta,ha,tar,sha
toshia,1,0,6,0,1,to,ia,tos,hia
aimee,1,0,5,1,1,ai,ee,aim,mee
alvei,1,0,5,1,1,al,ei,alv,vei
cotekia,1,0,7,0,1,co,ia,cot,kia
aqunette,1,0,8,1,1,aq,te,aqu,tte
eileen,1,0,6,1,0,ei,en,eil,een
shakira,1,0,7,0,1,sh,ra,sha,ira
lilliie,1,0,7,0,1,li,ie,lil,iie
brintney,1,0,8,0,0,br,ey,bri,ney
jameca,1,0,6,0,1,ja,ca,jam,eca
sharda,1,0,6,0,1,sh,da,sha,rda
geordrecka,1,0,10,0,1,ge,ka,geo,cka
katherine,1,0,9,0,1,ka,ne,kat,ine
myriam,1,0,6,0,0,my,am,myr,iam
scherly,1,0,7,0,0,sc,ly,sch,rly
treysa,1,0,6,0,1,tr,sa,tre,ysa
ramo,1,0,4,0,1,ra,mo,ram,amo
adria,1,0,5,1,1,ad,ia,adr,ria
mayola,1,0,6,0,1,ma,la,may,ola
muriel,1,0,6,0,0,mu,el,mur,iel
anncy,1,0,5,1,0,an,cy,ann,ncy
shannece,1,0,8,0,1,sh,ce,sha,ece
chanel,1,0,6,0,0,ch,el,cha,nel
deidre,1,0,6,0,1,de,re,dei,dre
jay,1,0,3,0,0,ja,ay,jay,jay
lucie,1,0,5,0,1,lu,ie,luc,cie
marcelous,1,0,9,0,0,ma,us,mar,ous
metoka,1,0,6,0,1,me,ka,met,oka
renell,1,0,6,0,0,re,ll,ren,ell
shanikwa,1,0,8,0,1,sh,wa,sha,kwa
sherita,1,0,7,0,1,sh,ta,she,ita
stella,1,0,6,0,1,st,la,ste,lla
temika,1,0,6,0,1,te,ka,tem,ika
tiera,1,0,5,0,1,ti,ra,tie,era
corlis,1,0,6,0,0,co,is,cor,lis
jody,1,0,4,0,0,jo,dy,jod,ody
keriann,1,0,7,0,0,ke,nn,ker,ann
janet,1,0,5,0,0,ja,et,jan,net
loretta,1,0,7,0,1,lo,ta,lor,tta
deonjae,1,0,7,0,1,de,ae,deo,jae
grecham,1,0,7,0,0,gr,am,gre,ham
kierra,1,0,6,0,1,ki,ra,kie,rra
emilia,1,0,6,1,1,em,ia,emi,lia
tabatha,1,0,7,0,1,ta,ha,tab,tha
chenoa,1,0,6,0,1,ch,oa,che,noa
donella,1,0,7,0,1,do,la,don,lla
jae,1,0,3,0,1,ja,ae,jae,jae
shanty,1,0,6,0,0,sh,ty,sha,nty
antravia,1,0,8,1,1,an,ia,ant,via
annetria,1,0,8,1,1,an,ia,ann,ria
kristi,1,0,6,0,1,kr,ti,kri,sti
tatea,1,0,5,0,1,ta,ea,tat,tea
latara,1,0,6,0,1,la,ra,lat,ara
willa,1,0,5,0,1,wi,la,wil,lla
india,1,0,5,1,1,in,ia,ind,dia
sultaine,1,0,8,0,1,su,ne,sul,ine
raven,1,0,5,0,0,ra,en,rav,ven
golden,1,0,6,0,0,go,en,gol,den
treva,1,0,5,0,1,tr,va,tre,eva
velan,1,0,5,0,0,ve,an,vel,lan
carole,1,0,6,0,1,ca,le,car,ole
mireille,1,0,8,0,1,mi,le,mir,lle
rosalind,1,0,8,0,0,ro,nd,ros,ind
kashika,1,0,7,0,1,ka,ka,kas,ika
janiqua,1,0,7,0,1,ja,ua,jan,qua
domenique,1,0,9,0,1,do,ue,dom,que
iconya,1,0,6,1,1,ic,ya,ico,nya
ilea,1,0,4,1,1,il,ea,ile,lea
jada,1,0,4,0,1,ja,da,jad,ada
jimesha,1,0,7,0,1,ji,ha,jim,sha
lavada,1,0,6,0,1,la,da,lav,ada
lyza,1,0,4,0,1,ly,za,lyz,yza
mytrice,1,0,7,0,1,my,ce,myt,ice
norteasha,1,0,9,0,1,no,ha,nor,sha
shakedia,1,0,8,0,1,sh,ia,sha,dia
angelia,1,0,7,1,1,an,ia,ang,lia
gisharine,1,0,9,0,1,gi,ne,gis,ine
loretosha,1,0,9,0,1,lo,ha,lor,sha
sharion,1,0,7,0,0,sh,on,sha,ion
vinze,1,0,5,0,1,vi,ze,vin,nze
rhydiah,1,0,7,0,0,rh,ah,rhy,iah
tanvini,1,0,7,0,1,ta,ni,tan,ini
betsy,1,0,5,0,0,be,sy,bet,tsy
australia,1,0,9,1,1,au,ia,aus,lia
kyla,1,0,4,0,1,ky,la,kyl,yla
majouri,1,0,7,0,1,ma,ri,maj,uri
ronnie,1,0,6,0,1,ro,ie,ron,nie
annice,1,0,6,1,1,an,ce,ann,ice
satoya,1,0,6,0,1,sa,ya,sat,oya
shelly,1,0,6,0,0,sh,ly,she,lly
shellyann,1,0,9,0,0,sh,nn,she,ann
essie,1,0,5,1,1,es,ie,ess,sie
latasia,1,0,7,0,1,la,ia,lat,sia
meelaquesha,1,0,11,0,1,me,ha,mee,sha
moneca,1,0,6,0,1,mo,ca,mon,eca
mckala,1,0,6,0,1,mc,la,mck,ala
jakeilah,1,0,8,0,0,ja,ah,jak,lah
sara,1,0,4,0,1,sa,ra,sar,ara
rita,1,0,4,0,1,ri,ta,rit,ita
shavonda,1,0,8,0,1,sh,da,sha,nda
las,1,0,3,0,0,la,as,las,las
lomicia,1,0,7,0,1,lo,ia,lom,cia
laqu,1,0,4,0,1,la,qu,laq,aqu
latarsa,1,0,7,0,1,la,sa,lat,rsa
marica,1,0,6,0,1,ma,ca,mar,ica
tacha,1,0,5,0,1,ta,ha,tac,cha
brionn,1,0,6,0,0,br,nn,bri,onn
shenicka,1,0,8,0,1,sh,ka,she,cka
jakia,1,0,5,0,1,ja,ia,jak,kia
jonisha,1,0,7,0,1,jo,ha,jon,sha
orsolida,1,0,8,1,1,or,da,ors,ida
shareece,1,0,8,0,1,sh,ce,sha,ece
torreya,1,0,7,0,1,to,ya,tor,eya
roselene,1,0,8,0,1,ro,ne,ros,ene
alaine,1,0,6,1,1,al,ne,ala,ine
alisha,1,0,6,1,1,al,ha,ali,sha
berinthia,1,0,9,0,1,be,ia,ber,hia
catherine,1,0,9,0,1,ca,ne,cat,ine
chanee,1,0,6,0,1,ch,ee,cha,nee
chanita,1,0,7,0,1,ch,ta,cha,ita
churaz,1,0,6,0,0,ch,az,chu,raz
daviyu,1,0,6,0,1,da,yu,dav,iyu
elsie,1,0,5,1,1,el,ie,els,sie
jennie,1,0,6,0,1,je,ie,jen,nie
kiomi,1,0,5,0,1,ki,mi,kio,omi
laraine,1,0,7,0,1,la,ne,lar,ine
lashun,1,0,6,0,0,la,un,las,hun
lave,1,0,4,0,1,la,ve,lav,ave
lynea,1,0,5,0,1,ly,ea,lyn,nea
mesi,1,0,4,0,1,me,si,mes,esi
meyawn,1,0,6,0,0,me,wn,mey,awn
tasia,1,0,5,0,1,ta,ia,tas,sia
norvice,1,0,7,0,1,no,ce,nor,ice
pertrice,1,0,8,0,1,pe,ce,per,ice
rashida,1,0,7,0,1,ra,da,ras,ida
ronetta,1,0,7,0,1,ro,ta,ron,tta
shaq,1,0,4,0,0,sh,aq,sha,haq
sharqui,1,0,7,0,1,sh,ui,sha,qui
sheintara,1,0,9,0,1,sh,ra,she,ara
tamya,1,0,5,0,1,ta,ya,tam,mya
temorerie,1,0,9,0,1,te,ie,tem,rie
vanto,1,0,5,0,1,va,to,van,nto
vernell,1,0,7,0,0,ve,ll,ver,ell
wakee,1,0,5,0,1,wa,ee,wak,kee
celestine,1,0,9,0,1,ce,ne,cel,ine
chantale,1,0,8,0,1,ch,le,cha,ale
fashae,1,0,6,0,1,fa,ae,fas,hae
latoshia,1,0,8,0,1,la,ia,lat,hia
marshell,1,0,8,0,0,ma,ll,mar,ell
nicola,1,0,6,0,1,ni,la,nic,ola
tosha,1,0,5,0,1,to,ha,tos,sha
wilnika,1,0,7,0,1,wi,ka,wil,ika
yoreel,1,0,6,0,0,yo,el,yor,eel
teah,1,0,4,0,0,te,ah,tea,eah
christi,1,0,7,0,1,ch,ti,chr,sti
net,1,0,3,0,0,ne,et,net,net
anquanette,1,0,10,1,1,an,te,anq,tte
derika,1,0,6,0,1,de,ka,der,ika
sharhonda,1,0,9,0,1,sh,da,sha,nda
cheyanne,1,0,8,0,1,ch,ne,che,nne
christian,1,0,9,0,0,ch,an,chr,ian
melanie,1,0,7,0,1,me,ie,mel,nie
kenitria,1,0,8,0,1,ke,ia,ken,ria
tyricka,1,0,7,0,1,ty,ka,tyr,cka
argua,1,0,5,1,1,ar,ua,arg,gua
kirby,1,0,5,0,0,ki,by,kir,rby
maddy,1,0,5,0,0,ma,dy,mad,ddy
shonda,1,0,6,0,1,sh,da,sho,nda
nikisha,1,0,7,0,1,ni,ha,nik,sha
sueqwan,1,0,7,0,0,su,an,sue,wan
teryleisha,1,0,10,0,1,te,ha,ter,sha
valarie,1,0,7,0,1,va,ie,val,rie
jameka,1,0,6,0,1,ja,ka,jam,eka
amy,1,0,3,1,0,am,my,amy,amy
ebonee,1,0,6,1,1,eb,ee,ebo,nee
ronita,1,0,6,0,1,ro,ta,ron,ita
mea,1,0,3,0,1,me,ea,mea,mea
ambe,1,0,4,1,1,am,be,amb,mbe
ymari,1,0,5,0,1,ym,ri,yma,ari
shkendra,1,0,8,0,1,sh,ra,shk,dra
jaquin,1,0,6,0,0,ja,in,jaq,uin
dale,1,0,4,0,1,da,le,dal,ale
shemika,1,0,7,0,1,sh,ka,she,ika
audry,1,0,5,1,0,au,ry,aud,dry
djua,1,0,4,0,1,dj,ua,dju,jua
shondrica,1,0,9,0,1,sh,ca,sho,ica
cherrelle,1,0,9,0,1,ch,le,che,lle
clarassi,1,0,8,0,1,cl,si,cla,ssi
lowa,1,0,4,0,1,lo,wa,low,owa
lashaun,1,0,7,0,0,la,un,las,aun
letika,1,0,6,0,1,le,ka,let,ika
binita,1,0,6,0,1,bi,ta,bin,ita
murrya,1,0,6,0,1,mu,ya,mur,rya
myesha,1,0,6,0,1,my,ha,mye,sha
tykisha,1,0,7,0,1,ty,ha,tyk,sha
rakebia,1,0,7,0,1,ra,ia,rak,bia
rotashia,1,0,8,0,1,ro,ia,rot,hia
shaquilla,1,0,9,0,1,sh,la,sha,lla
levoria,1,0,7,0,1,le,ia,lev,ria
markisha,1,0,8,0,1,ma,ha,mar,sha
lorinda,1,0,7,0,1,lo,da,lor,nda
paige,1,0,5,0,1,pa,ge,pai,ige
runetta,1,0,7,0,1,ru,ta,run,tta
ryeisha,1,0,7,0,1,ry,ha,rye,sha
myiakya,1,0,7,0,1,my,ya,myi,kya
kadon,1,0,5,0,0,ka,on,kad,don
adrianne,1,0,8,1,1,ad,ne,adr,nne
bennetta,1,0,8,0,1,be,ta,ben,tta
tre,1,0,3,0,1,tr,re,tre,tre
evonne,1,0,6,1,1,ev,ne,evo,nne
jerricka,1,0,8,0,1,je,ka,jer,cka
jimmie,1,0,6,0,1,ji,ie,jim,mie
shevonda,1,0,8,0,1,sh,da,she,nda
dimitria,1,0,8,0,1,di,ia,dim,ria
asreiale,1,0,8,1,1,as,le,asr,ale
tashika,1,0,7,0,1,ta,ka,tas,ika
dominic,1,0,7,0,0,do,ic,dom,nic
yasheka,1,0,7,0,1,ya,ka,yas,eka
aria,1,0,4,1,1,ar,ia,ari,ria
kanesha,1,0,7,0,1,ka,ha,kan,sha
keebie,1,0,6,0,1,ke,ie,kee,bie
morissa,1,0,7,0,1,mo,sa,mor,ssa
shauraye,1,0,8,0,1,sh,ye,sha,aye
deaquaneil,1,0,10,0,0,de,il,dea,eil
kess,1,0,4,0,0,ke,ss,kes,ess
tangela,1,0,7,0,1,ta,la,tan,ela
woodie,1,0,6,0,1,wo,ie,woo,die
shequita,1,0,8,0,1,sh,ta,she,ita
latashia,1,0,8,0,1,la,ia,lat,hia
mardenisha,1,0,10,0,1,ma,ha,mar,sha
undrea,1,0,6,1,1,un,ea,und,rea
unique,1,0,6,1,1,un,ue,uni,que
cecilia,1,0,7,0,1,ce,ia,cec,lia
daytra,1,0,6,0,1,da,ra,day,tra
lynda,1,0,5,0,1,ly,da,lyn,nda
safari,1,0,6,0,1,sa,ri,saf,ari
bivian,1,0,6,0,0,bi,an,biv,ian
tajua,1,0,5,0,1,ta,ua,taj,jua
chasity,1,0,7,0,0,ch,ty,cha,ity
della,1,0,5,0,1,de,la,del,lla
adi,1,0,3,1,1,ad,di,adi,adi
arstra,1,0,6,1,1,ar,ra,ars,tra
yochechi,1,0,8,0,1,yo,hi,yoc,chi
twyan,1,0,5,0,0,tw,an,twy,yan
ladon,1,0,5,0,0,la,on,lad,don
jordan,1,0,6,0,0,jo,an,jor,dan
wendy,1,0,5,0,0,we,dy,wen,ndy
felishia,1,0,8,0,1,fe,ia,fel,hia
adrian,1,0,6,1,0,ad,an,adr,ian
lekita,1,0,6,0,1,le,ta,lek,ita
olivia,1,0,6,1,1,ol,ia,oli,via
lach,1,0,4,0,0,la,ch,lac,ach
tamella,1,0,7,0,1,ta,la,tam,lla
zelberdia,1,0,9,0,1,ze,ia,zel,dia
jakita,1,0,6,0,1,ja,ta,jak,ita
peachlyn,1,0,8,0,0,pe,yn,pea,lyn
ladre,1,0,5,0,1,la,re,lad,dre
demetra,1,0,7,0,1,de,ra,dem,tra
shanece,1,0,7,0,1,sh,ce,sha,ece
zaundra,1,0,7,0,1,za,ra,zau,dra
chelsey,1,0,7,0,0,ch,ey,che,sey
lakoya,1,0,6,0,1,la,ya,lak,oya
laneise,1,0,7,0,1,la,se,lan,ise
kristen,1,0,7,0,0,kr,en,kri,ten
fati,1,0,4,0,1,fa,ti,fat,ati
desmone,1,0,7,0,1,de,ne,des,one
lestine,1,0,7,0,1,le,ne,les,ine
marqeta,1,0,7,0,1,ma,ta,mar,eta
sheneice,1,0,8,0,1,sh,ce,she,ice
vanquisha,1,0,9,0,1,va,ha,van,sha
verika,1,0,6,0,1,ve,ka,ver,ika
quantisha,1,0,9,0,1,qu,ha,qua,sha
cheaqita,1,0,8,0,1,ch,ta,che,ita
demetrica,1,0,9,0,1,de,ca,dem,ica
mondrea,1,0,7,0,1,mo,ea,mon,rea
coqueise,1,0,8,0,1,co,se,coq,ise
aleisha,1,0,7,1,1,al,ha,ale,sha
benfordene,1,0,10,0,1,be,ne,ben,ene
jalesa,1,0,6,0,1,ja,sa,jal,esa
lashan,1,0,6,0,0,la,an,las,han
latri,1,0,5,0,1,la,ri,lat,tri
kimber,1,0,6,0,0,ki,er,kim,ber
mildred,1,0,7,0,0,mi,ed,mil,red
malaika,1,0,7,0,1,ma,ka,mal,ika
ruth,1,0,4,0,0,ru,th,rut,uth
kassie,1,0,6,0,1,ka,ie,kas,sie
vera,1,0,4,0,1,ve,ra,ver,era
kiyuan,1,0,6,0,0,ki,an,kiy,uan
kio,1,0,3,0,1,ki,io,kio,kio
kristopher,1,0,10,0,0,kr,er,kri,her
traci,1,0,5,0,1,tr,ci,tra,aci
tylisha,1,0,7,0,1,ty,ha,tyl,sha
jacquelyne,1,0,10,0,1,ja,ne,jac,yne
jameya,1,0,6,0,1,ja,ya,jam,eya
berr,1,0,4,0,0,be,rr,ber,err
creola,1,0,6,0,1,cr,la,cre,ola
chrisshanno,1,0,11,0,1,ch,no,chr,nno
gabriel,1,0,7,0,0,ga,el,gab,iel
terrie,1,0,6,0,1,te,ie,ter,rie
lamarsharee,1,0,11,0,1,la,ee,lam,ree
jackie,1,0,6,0,1,ja,ie,jac,kie
marquachun,1,0,10,0,0,ma,un,mar,hun
esther,1,0,6,1,0,es,er,est,her
margo,1,0,5,0,1,ma,go,mar,rgo
sheque,1,0,6,0,1,sh,ue,she,que
taw,1,0,3,0,0,ta,aw,taw,taw
tekelia,1,0,7,0,1,te,ia,tek,lia
tiffiny,1,0,7,0,0,ti,ny,tif,iny
frel,1,0,4,0,0,fr,el,fre,rel
adrienne,1,0,8,1,1,ad,ne,adr,nne
laquinta,1,0,8,0,1,la,ta,laq,nta
